instance_index,CF_number,distance_to_original,sex,age,famsize,Pstatus,Medu,Fedu,traveltime,studytime,failures,schoolsup,famsup,paid,activities,nursery,higher,internet,romantic,famrel,freetime,goout,Dalc,Walc,health,absences,guardian_father,guardian_mother,guardian_other,Fjob_at_home,Fjob_health,Fjob_other,Fjob_services,Fjob_teacher,reason_course,reason_home,reason_other,reason_reputation,Mjob_at_home,Mjob_health,Mjob_other,Mjob_services,Mjob_teacher
131.0,1.0,4.795831523312719,1.0,17.0,1.0,0.0,3.0,2.0,1.0,2.0,0.0,0.0,1.0,0.0,0.0,1.0,1.0,1.0,0.0,4.0,4.0,4.0,1.0,2.0,5.0,10.0,0.0,1.0,0.0,0.0,0.0,1.0,0.0,0.0,0.0,0.0,0.0,1.0,0.0,0.0,1.0,0.0,0.0
131.0,2.0,4.898979485566356,0.0,18.0,0.0,1.0,2.0,1.0,2.0,2.0,0.0,0.0,1.0,0.0,0.0,1.0,0.0,1.0,1.0,4.0,3.0,5.0,1.0,2.0,3.0,12.0,0.0,1.0,0.0,0.0,0.0,1.0,0.0,0.0,0.0,0.0,0.0,1.0,0.0,0.0,1.0,0.0,0.0
131.0,3.0,5.0990195135927845,1.0,18.0,0.0,1.0,3.0,2.0,2.0,1.0,0.0,0.0,0.0,0.0,0.0,1.0,0.0,1.0,0.0,4.0,4.0,5.0,2.0,4.0,5.0,8.0,0.0,1.0,0.0,0.0,0.0,1.0,0.0,0.0,1.0,0.0,0.0,0.0,0.0,0.0,0.0,1.0,0.0
563.0,1.0,4.242640687119285,0.0,17.0,1.0,0.0,3.0,2.0,2.0,2.0,0.0,0.0,0.0,0.0,0.0,1.0,1.0,0.0,1.0,1.0,2.0,3.0,1.0,2.0,5.0,0.0,0.0,1.0,0.0,0.0,0.0,1.0,0.0,0.0,0.0,0.0,0.0,1.0,0.0,0.0,0.0,1.0,0.0
563.0,2.0,4.58257569495584,1.0,16.0,0.0,1.0,2.0,1.0,2.0,1.0,0.0,0.0,0.0,0.0,1.0,0.0,1.0,0.0,0.0,3.0,3.0,2.0,1.0,3.0,3.0,2.0,0.0,1.0,0.0,0.0,0.0,1.0,0.0,0.0,1.0,0.0,0.0,0.0,0.0,0.0,1.0,0.0,0.0
563.0,3.0,5.0,0.0,17.0,1.0,1.0,2.0,2.0,1.0,3.0,0.0,0.0,1.0,0.0,1.0,1.0,1.0,1.0,0.0,3.0,3.0,2.0,2.0,2.0,3.0,0.0,0.0,1.0,0.0,0.0,0.0,0.0,1.0,0.0,1.0,0.0,0.0,0.0,0.0,0.0,0.0,1.0,0.0
170.0,1.0,5.656854249492381,1.0,17.0,0.0,1.0,1.0,2.0,1.0,2.0,0.0,0.0,0.0,0.0,0.0,1.0,1.0,0.0,0.0,3.0,1.0,3.0,1.0,5.0,3.0,6.0,0.0,1.0,0.0,0.0,0.0,1.0,0.0,0.0,0.0,1.0,0.0,0.0,1.0,0.0,0.0,0.0,0.0
170.0,2.0,5.830951894845301,0.0,17.0,1.0,1.0,2.0,2.0,2.0,2.0,0.0,1.0,1.0,0.0,0.0,1.0,1.0,1.0,1.0,4.0,4.0,4.0,2.0,3.0,5.0,6.0,0.0,1.0,0.0,0.0,0.0,1.0,0.0,0.0,1.0,0.0,0.0,0.0,0.0,0.0,0.0,1.0,0.0
170.0,3.0,5.916079783099616,1.0,18.0,0.0,1.0,3.0,2.0,2.0,1.0,0.0,0.0,0.0,0.0,0.0,1.0,0.0,1.0,0.0,4.0,4.0,5.0,2.0,4.0,5.0,8.0,0.0,1.0,0.0,0.0,0.0,1.0,0.0,0.0,1.0,0.0,0.0,0.0,0.0,0.0,0.0,1.0,0.0
